{"\u65e5\u671f":{"0":1758758400000,"1":1758844800000,"2":1759104000000,"3":1759190400000,"4":1759968000000,"5":1760054400000,"6":1760313600000,"7":1760400000000,"8":1760486400000,"9":1760572800000,"10":1760659200000,"11":1760918400000,"12":1761004800000,"13":1761091200000,"14":1761177600000,"15":1761264000000,"16":1761523200000,"17":1761609600000,"18":1761696000000,"19":1761782400000,"20":1761868800000,"21":1762128000000,"22":1762214400000,"23":1762300800000,"24":1762387200000,"25":1762473600000,"26":1762732800000,"27":1762819200000,"28":1762905600000,"29":1762992000000,"30":1763078400000,"31":1763337600000,"32":1763424000000,"33":1763510400000,"34":1763596800000,"35":1763683200000,"36":1763942400000,"37":1764028800000,"38":1764115200000,"39":1764201600000,"40":1764288000000,"41":1764547200000,"42":1764633600000,"43":1764720000000,"44":1764806400000,"45":1764892800000,"46":1765152000000,"47":1765238400000,"48":1765324800000,"49":1765411200000,"50":1765497600000,"51":1765756800000,"52":1765843200000,"53":1765929600000,"54":1766016000000,"55":1766102400000,"56":1766361600000,"57":1766448000000,"58":1766534400000,"59":1766620800000,"60":1766707200000,"61":1766966400000,"62":1767052800000,"63":1767139200000,"64":1767571200000,"65":1767657600000,"66":1767744000000,"67":1767830400000,"68":1767916800000,"69":1768176000000,"70":1768262400000,"71":1768348800000,"72":1768435200000,"73":1768521600000,"74":1768780800000,"75":1768867200000,"76":1768953600000,"77":1769040000000,"78":1769126400000,"79":1769385600000,"80":1769472000000,"81":1769558400000,"82":1769644800000,"83":1769731200000,"84":1769990400000,"85":1770076800000,"86":1770163200000,"87":1770249600000,"88":1770336000000,"89":1770595200000},"\u83b7\u5229\u6bd4\u4f8b":{"0":0.8113881472,"1":0.8005694589,"2":0.850254984,"3":0.8444099744,"4":0.9603309212,"5":1.0,"6":1.0,"7":0.9906457143,"8":1.0,"9":0.9948515367,"10":0.9987205486,"11":0.9745547561,"12":0.9993961598,"13":0.9852620341,"14":0.9916319147,"15":0.9851114202,"16":0.9849315968,"17":0.9979724723,"18":0.9021847257,"19":0.8827684188,"20":0.9409538839,"21":0.9769331152,"22":0.9978000755,"23":0.9988858178,"24":1.0,"25":1.0,"26":1.0,"27":1.0,"28":1.0,"29":1.0,"30":0.9733502688,"31":0.9631245325,"32":0.9741770622,"33":0.9670165919,"34":0.9956404049,"35":0.9307265732,"36":0.8895791243,"37":0.9446581104,"38":0.991046949,"39":0.9044041815,"40":0.926076805,"41":0.8853708152,"42":0.8746048607,"43":0.8849625229,"44":0.8082945145,"45":0.8873634341,"46":0.8996697537,"47":0.878081747,"48":0.8777723497,"49":0.8494504435,"50":0.812156564,"51":0.7935335615,"52":0.7942336284,"53":0.786950055,"54":0.7940065174,"55":0.8914673647,"56":0.9236029781,"57":0.9398372401,"58":0.9837387332,"59":0.9596962084,"60":0.8871296992,"61":0.8708250629,"62":0.8445858321,"63":0.8285622374,"64":0.9255856173,"65":0.8837341077,"66":0.9430384658,"67":0.9936549464,"68":1.0,"69":1.0,"70":0.9957740847,"71":0.9945673581,"72":0.9622826147,"73":0.9455569621,"74":0.9432852535,"75":0.937079991,"76":0.9442313423,"77":0.9287382044,"78":0.9289662576,"79":0.9184283989,"80":0.9086897619,"81":0.9092129389,"82":0.8684504433,"83":0.9182882615,"84":0.8414323294,"85":0.7180765051,"86":0.7764688614,"87":0.883986803,"88":0.7334385739,"89":0.5793163925},"\u5e73\u5747\u6210\u672c":{"0":15.99,"1":15.99,"2":16.08,"3":16.08,"4":16.17,"5":16.22,"6":16.23,"7":16.39,"8":16.55,"9":16.84,"10":17.24,"11":17.47,"12":17.83,"13":18.14,"14":18.26,"15":18.38,"16":18.51,"17":18.64,"18":18.64,"19":18.77,"20":18.9,"21":19.02,"22":19.98,"23":20.11,"24":20.19,"25":20.48,"26":20.57,"27":20.78,"28":20.77,"29":20.9,"30":21.18,"31":21.6,"32":21.81,"33":22.02,"34":22.02,"35":22.23,"36":22.44,"37":22.44,"38":22.65,"39":22.86,"40":22.86,"41":22.86,"42":23.07,"43":23.07,"44":23.28,"45":23.49,"46":23.49,"47":23.49,"48":23.7,"49":23.7,"50":23.7,"51":23.7,"52":23.91,"53":23.91,"54":24.54,"55":24.75,"56":25.17,"57":25.38,"58":26.22,"59":26.43,"60":26.64,"61":26.64,"62":26.64,"63":26.64,"64":26.64,"65":26.85,"66":26.85,"67":26.85,"68":27.08,"69":27.26,"70":27.38,"71":27.52,"72":27.52,"73":27.77,"74":27.77,"75":27.77,"76":27.77,"77":28.02,"78":28.02,"79":28.02,"80":28.02,"81":28.02,"82":28.02,"83":28.26,"84":28.26,"85":28.76,"86":29.0,"87":29.25,"88":29.5,"89":29.5},"90\u6210\u672c-\u4f4e":{"0":11.56,"1":11.56,"2":11.56,"3":11.56,"4":11.56,"5":11.57,"6":11.67,"7":11.66,"8":11.72,"9":11.71,"10":11.78,"11":11.78,"12":11.9,"13":11.96,"14":11.96,"15":11.96,"16":12.09,"17":12.03,"18":12.03,"19":12.03,"20":12.03,"21":12.03,"22":12.04,"23":12.04,"24":12.14,"25":12.12,"26":12.08,"27":12.03,"28":12.13,"29":12.05,"30":11.95,"31":11.95,"32":11.95,"33":12.16,"34":12.16,"35":12.16,"36":12.37,"37":12.37,"38":12.58,"39":12.58,"40":12.58,"41":12.58,"42":12.58,"43":12.58,"44":12.58,"45":12.58,"46":12.58,"47":12.58,"48":12.58,"49":12.58,"50":12.58,"51":12.58,"52":12.58,"53":12.58,"54":12.58,"55":12.58,"56":12.58,"57":12.58,"58":12.58,"59":12.58,"60":12.58,"61":12.58,"62":12.58,"63":12.58,"64":12.58,"65":12.58,"66":12.58,"67":12.79,"68":12.64,"69":12.55,"70":12.68,"71":12.7,"72":12.7,"73":12.7,"74":12.7,"75":12.95,"76":12.95,"77":12.95,"78":12.95,"79":12.95,"80":12.95,"81":12.95,"82":12.95,"83":13.2,"84":13.2,"85":13.2,"86":13.2,"87":13.2,"88":13.2,"89":13.2},"90\u6210\u672c-\u9ad8":{"0":22.86,"1":22.86,"2":22.86,"3":22.86,"4":22.86,"5":22.97,"6":23.27,"7":23.38,"8":23.66,"9":24.77,"10":25.41,"11":26.6,"12":26.95,"13":27.27,"14":27.52,"15":27.65,"16":27.89,"17":28.35,"18":28.48,"19":28.48,"20":28.48,"21":28.48,"22":28.58,"23":28.71,"24":28.79,"25":29.13,"26":29.54,"27":31.6,"28":32.17,"29":33.67,"30":35.45,"31":35.87,"32":35.87,"33":37.55,"34":38.39,"35":39.02,"36":39.02,"37":39.02,"38":39.44,"39":39.44,"40":39.44,"41":39.44,"42":39.44,"43":39.44,"44":39.44,"45":39.44,"46":39.44,"47":39.44,"48":39.44,"49":39.44,"50":39.44,"51":39.44,"52":39.44,"53":39.44,"54":39.44,"55":39.44,"56":39.44,"57":39.44,"58":39.65,"59":39.65,"60":39.65,"61":39.65,"62":39.65,"63":39.65,"64":39.65,"65":39.65,"66":39.65,"67":39.65,"68":40.01,"69":40.13,"70":40.6,"71":41.11,"72":41.85,"73":43.82,"74":43.82,"75":43.82,"76":43.82,"77":43.82,"78":43.82,"79":43.82,"80":43.82,"81":43.82,"82":43.82,"83":43.82,"84":43.82,"85":43.58,"86":43.58,"87":43.33,"88":43.33,"89":43.33},"90\u96c6\u4e2d\u5ea6":{"0":0.3280635186,"1":0.3280635186,"2":0.3280635186,"3":0.3280635186,"4":0.3280635186,"5":0.3298383743,"6":0.3320551661,"7":0.3343765862,"8":0.3376136484,"9":0.3580220108,"10":0.3664257388,"11":0.3859900054,"12":0.3873810387,"13":0.3902679329,"14":0.3940819712,"15":0.3959711528,"16":0.3953906901,"17":0.4039763718,"18":0.4058812127,"19":0.4058812127,"20":0.4058812127,"21":0.4058812127,"22":0.4070754935,"23":0.4089699333,"24":0.4066549499,"25":0.4123150113,"26":0.4194964102,"27":0.448745716,"28":0.4522424211,"29":0.4727904737,"30":0.4958530722,"31":0.5002778713,"32":0.5002778713,"33":0.5108214764,"34":0.5189448906,"35":0.524862574,"36":0.5186354263,"37":0.5186354263,"38":0.5163927235,"39":0.5163927235,"40":0.5163927235,"41":0.5163927235,"42":0.5163927235,"43":0.5163927235,"44":0.5163927235,"45":0.5163927235,"46":0.5163927235,"47":0.5163927235,"48":0.5163927235,"49":0.5163927235,"50":0.5163927235,"51":0.5163927235,"52":0.5163927235,"53":0.5163927235,"54":0.5163927235,"55":0.5163927235,"56":0.5163927235,"57":0.5163927235,"58":0.5183359097,"59":0.5183359097,"60":0.5183359097,"61":0.5183359097,"62":0.5183359097,"63":0.5183359097,"64":0.5183359097,"65":0.5183359097,"66":0.5183359097,"67":0.512259488,"68":0.5200008158,"69":0.5235975611,"70":0.5239303149,"71":0.5278492886,"72":0.5342624855,"73":0.5505423735,"74":0.5505423735,"75":0.543796932,"76":0.543796932,"77":0.543796932,"78":0.543796932,"79":0.543796932,"80":0.543796932,"81":0.543796932,"82":0.543796932,"83":0.5371099267,"84":0.5371099267,"85":0.5350961811,"86":0.5350961811,"87":0.5330648379,"88":0.5330648379,"89":0.5330648379},"70\u6210\u672c-\u4f4e":{"0":13.37,"1":13.37,"2":13.37,"3":13.37,"4":13.46,"5":13.4,"6":13.4,"7":13.43,"8":13.47,"9":13.49,